general	general
general-alt	general (ALT)
general-alt10	general (ALT10)
general-alt11	general (ALT11)
general-alt12	general (ALT12)
general-alt2	general (ALT2)
general-alt3	general (ALT3)
general-alt4	general (ALT4)
general-alt5	general (ALT5)
general-alt6	general (ALT6)
general-alt7	general (ALT7)
general-alt8	general (ALT8)
general-alt9	general (ALT9)
general-exp	general (EXP)
general-fake-tls-auto	general (FAKE TLS AUTO)
general-fake-tls-auto-alt	general (FAKE TLS AUTO ALT)
general-fake-tls-auto-alt2	general (FAKE TLS AUTO ALT2)
general-fake-tls-auto-alt3	general (FAKE TLS AUTO ALT3)
general-pq-disorder-midsld	general (PQ DISORDER MIDSLD)
general-pq-disorder-ts	general (PQ DISORDER TS)
general-pq-fakedsplit	general (PQ FAKEDSPLIT)
general-pq-hostfakesplit	general (PQ HOSTFAKESPLIT)
general-pq-multi	general (PQ MULTI)
general-pq-multisplit	general (PQ MULTISPLIT)
general-pq-multisplit-ts	general (PQ MULTISPLIT TS)
general-pq-split-seqovl	general (PQ SPLIT SEQOVL)
general-pq-syndata	general (PQ SYNDATA)
general-simple-fake	general (SIMPLE FAKE)
general-simple-fake-alt	general (SIMPLE FAKE ALT)
general-simple-fake-alt2	general (SIMPLE FAKE ALT2)
